<?xml version="1.0" encoding="utf-8"?>
<install version="1.5" type="plugin" group="system">
	<name>System - Community ACL</name>
	<author>corePHP</author>
	<creationDate>April 2008</creationDate>
	<copyright>corePHP</copyright>
	<license></license>
	<authorEmail></authorEmail>
	<authorUrl></authorUrl>
	<version>1.0.15</version>
	<description>Provides access to items functionality</description>
	<languages>
  		<language tag="en-GB">en-GB.plg_system_community_acl.ini</language> 
  	</languages>

	<files>
		<filename plugin="community_acl">community_acl.php</filename>
	</files>
	<administration>
	<languages>
  		<language tag="en-GB">en-GB.plg_system_community_acl.ini</language> 
  	</languages>
	</administration>
	<params>
	</params>
</install>