<?xml version="1.0" encoding="UTF-8"?>
<cbinstall version="1.0" type="plugin" group="user">
	<name>Community ACL UserSync plugin</name>
	<author>corePHP</author>
	<creationDate>2008-04-18</creationDate>
	<copyright>corePHP</copyright>
	<license></license>
	<authorEmail></authorEmail>
	<authorUrl></authorUrl>
	<version>1.1</version>
	<description>Community ACL User Sync plugin</description>
	<files>
		<filename plugin="cacl_usersync">cacl_usersync.php</filename>
		<filename>index.html</filename>
	</files>
	<params></params>
	<tabs></tabs>
</cbinstall>